{
    "counter": {
        "ACTIVE": 19788,
        "INACTIVE": 1212,
        "INVALID": 0,
        "MALICIOUS": 0,
        "SANE": 0,
        "VALID": 0,
        "total": 21000
    },
    "percentage": {
        "ACTIVE": 94.22857142857143,
        "INACTIVE": 5.7761044655197065,
        "INVALID": 0,
        "MALICIOUS": 0,
        "SANE": 0,
        "VALID": 0,
        "total": 100.00467589409114
    }
}