{
    "counter": {
        "ACTIVE": 20188,
        "INACTIVE": 812,
        "INVALID": 0,
        "MALICIOUS": 0,
        "SANE": 0,
        "VALID": 0,
        "total": 21000
    },
    "percentage": {
        "ACTIVE": 96.13333333333334,
        "INACTIVE": 3.8716444953034856,
        "INVALID": 0,
        "MALICIOUS": 0,
        "SANE": 0,
        "VALID": 0,
        "total": 100.00497782863683
    }
}