{
    "counter": {
        "ACTIVE": 19967,
        "INACTIVE": 1033,
        "INVALID": 0,
        "MALICIOUS": 0,
        "SANE": 0,
        "VALID": 0,
        "total": 21000
    },
    "percentage": {
        "ACTIVE": 95.08095238095238,
        "INACTIVE": 4.922094630009053,
        "INVALID": 0,
        "MALICIOUS": 0,
        "SANE": 0,
        "VALID": 0,
        "total": 100.00304701096144
    }
}