{
    "counter": {
        "ACTIVE": 19267,
        "INACTIVE": 1732,
        "INVALID": 1,
        "MALICIOUS": 0,
        "SANE": 0,
        "VALID": 0,
        "total": 21000
    },
    "percentage": {
        "ACTIVE": 91.7519881899138,
        "INACTIVE": 8.247619047619047,
        "INVALID": 0.014365752047119667,
        "MALICIOUS": 0,
        "SANE": 0,
        "VALID": 0,
        "total": 100.01397298957997
    }
}