{
    "counter": {
        "ACTIVE": 16551,
        "INACTIVE": 4449,
        "INVALID": 0,
        "MALICIOUS": 0,
        "SANE": 0,
        "VALID": 0,
        "total": 21000
    },
    "percentage": {
        "ACTIVE": 78.82179255167159,
        "INACTIVE": 21.185714285714287,
        "INVALID": 0,
        "MALICIOUS": 0,
        "SANE": 0,
        "VALID": 0,
        "total": 100.00750683738588
    }
}