{
    "counter": {
        "ACTIVE": 19489,
        "INACTIVE": 1510,
        "INVALID": 1,
        "MALICIOUS": 0,
        "SANE": 0,
        "VALID": 0,
        "total": 21000
    },
    "percentage": {
        "ACTIVE": 92.80918138958998,
        "INACTIVE": 7.190476190476191,
        "INVALID": 0.005067909993918508,
        "MALICIOUS": 0,
        "SANE": 0,
        "VALID": 0,
        "total": 100.00472549006008
    }
}