{
    "counter": {
        "ACTIVE": 20340,
        "INACTIVE": 660,
        "INVALID": 0,
        "MALICIOUS": 0,
        "SANE": 0,
        "VALID": 0,
        "total": 21000
    },
    "percentage": {
        "ACTIVE": 96.85714285714286,
        "INACTIVE": 3.1469031612072667,
        "INVALID": 0,
        "MALICIOUS": 0,
        "SANE": 0,
        "VALID": 0,
        "total": 100.00404601835012
    }
}