{
    "counter": {
        "ACTIVE": 19727,
        "INACTIVE": 1273,
        "INVALID": 0,
        "MALICIOUS": 0,
        "SANE": 0,
        "VALID": 0,
        "total": 21000
    },
    "percentage": {
        "ACTIVE": 93.93809523809524,
        "INACTIVE": 6.066815993899824,
        "INVALID": 0,
        "MALICIOUS": 0,
        "SANE": 0,
        "VALID": 0,
        "total": 100.00491123199507
    }
}