{
    "counter": {
        "ACTIVE": 19963,
        "INACTIVE": 1037,
        "INVALID": 0,
        "MALICIOUS": 0,
        "SANE": 0,
        "VALID": 0,
        "total": 21000
    },
    "percentage": {
        "ACTIVE": 95.06190476190476,
        "INACTIVE": 4.944452391169599,
        "INVALID": 0,
        "MALICIOUS": 0,
        "SANE": 0,
        "VALID": 0,
        "total": 100.00635715307436
    }
}